timestamp,erraticism
192685286260000,0.966943
192760000011000,0.924878
192760636614000,0.876287
192761272871000,0.827673
192761909656000,0.779435
192762505967000,0.729602
192768569565000,0.8356
192769256065000,0.91575
192769927826000,0.927171
192770569451000,0.87145
192771190415000,0.81606
192771906999000,0.760126
192774007367000,0.862212
192778952938000,0.831169
192779349048000,0.747656
192779821172000,0.680782
192782792043000,0.628213
192783423630000,0.581462
192784064852000,0.555274
192784676070000,0.553572
192785332636000,0.568484
192785989089000,0.595047
192786631249000,0.650953
192787522286000,0.740585
192793671774000,0.787932
192794458351000,0.827629
192795100063000,0.86267
192795812499000,0.882226
192796488341000,0.871193
192797134190000,0.826822
192805659824000,0.773993
192806380155000,0.715213
192807047094000,0.665681
192807778817000,0.621142
192809177139000,0.601116
192809843090000,0.557729
192812014227000,0.555612
192821586216000,0.553003
192891404137000,0.630211
192899517903000,0.694003
192900139402000,0.73409
192901543547000,0.802886
192902259496000,0.836999
192902915290000,0.828232
192905586782000,0.762579
192906232759000,0.702267
192906909670000,0.658498
192908749265000,0.606612
192909379744000,0.558386
192910011821000,0.51513
192911340903000,0.525725
192912016591000,0.5265
192914337694000,0.607624
192915008881000,0.676847
192915634542000,0.738644
192916236072000,0.789657
192916882366000,0.811867
192924500713000,0.786823
192925131139000,0.749607
192925818018000,0.705497
192926484496000,0.662952
192927162021000,0.622905
192928648984000,0.592093
192991152031000,0.555636
193003971577000,0.633051
193049158929000,0.745423
193165071930000,0.855822
193170213705000,0.799896
193265088947000,0.744416
193819226744000,0.69204
193833063785000,0.696822
193833669812000,0.714072
193834361370000,0.728229
193835058044000,0.703639
193835705306000,0.659094
193836351501000,0.613951
193836962186000,0.576409
193876403172000,0.534072
193877074733000,0.494112
193877751708000,0.488666
193878422767000,0.507289
193879044159000,0.552398
193879685842000,0.606898
193880268058000,0.670537
193880833857000,0.728949
193881389726000,0.720337
193881971164000,0.787143
193882552092000,0.814722
193883153882000,0.797669
193884637123000,0.728021
193885198634000,0.833735
193885975005000,0.929777
193886633113000,0.894933
193887248784000,1
193887844466000,0.92447
193888395888000,0.821081
193888826785000,0.919691
193889553564000,0.84557
193890280865000,0.781536
193890961610000,0.713551
193891597948000,0.765505
193892204519000,0.782378
193892751121000,0.749794
193893353398000,0.70941
193893948728000,0.66262
193894459394000,0.620349
193894966016000,0.5943
193895567248000,0.5598
193896158883000,0.520275
193896710925000,0.483032
193897296278000,0.441789
193897857444000,0.403193
193898428949000,0.366814
193899010277000,0.333219
193899582689000,0.302449
193900153375000,0.272243
193900713952000,0.246376
193901280436000,0.222608
193901846841000,0.202745
193902418029000,0.184576
193903000324000,0.169049
193903591015000,0.153984
193904176654000,0.139561
193904753406000,0.125283
193905314937000,0.113216
193905897478000,0.101066
193906453063000,0.0905597
193907018695000,0.079702
193907574601000,0.0708261
193908126447000,0.0664138
193908692765000,0.0679901
193909285028000,0.0660875
193909855562000,0.0636281
193910436312000,0.0597578
193911007905000,0.0576478
193911563913000,0.0566526
193912140438000,0.0531689
193912702624000,0.0530166
193913298196000,0.0515389
193913884440000,0.0509254
193914481025000,0.0469257
193915062072000,0.0438242
193915649391000,0.0393357
193916225291000,0.0363092
193916806039000,0.0336673
193917397466000,0.0307861
193917974016000,0.0281437
193918555058000,0.025989
193919132556000,0.0255643
193919727751000,0.0232722
193920304227000,0.0224748
193920890585000,0.0202026
193921467167000,0.0187503
193922044688000,0.0161981
193922620055000,0.0148816
193923190554000,0.0137717
193923772309000,0.0137216
193924353449000,0.0132237
193924940027000,0.0138043
193925532163000,0.0126536
193926112826000,0.0111335
193926693752000,0.00876023
193927255332000,0.00713698
193927836649000,0.0035521
193928383968000,0.00183138
193928949829000,0.000231847
193929515335000,0
193930081918000,0.00128039
193930648155000,0.190953
193931234344000,0.173229
193931816603000,0.15593
193932387372000,0.140267
193932962858000,0.125776
193933534881000,0.114807
193934120972000,0.104319
193934678567000,0.281861
193935274468000,0.257189
193935855029000,0.232719
193936416329000,0.209345
193936982790000,0.188132
193937543627000,0.17065
193938121398000,0.153015
193938691891000,0.138121
193939257631000,0.12474
193939839300000,0.11411
193940415419000,0.106336
193941583800000,0.101173
193942154612000,0.0959376
193942735853000,0.0886613
193943312374000,0.0812463
193943893626000,0.073623
193944466231000,0.0663085
193945046667000,0.0580372
193945602259000,0.0522863
193946178896000,0.0449091
193946735475000,0.0405362
193947301540000,0.0381976
193947878593000,0.0377024
193948464406000,0.0349189
193949029677000,0.220733
193949622135000,0.199879
193950198237000,0.181206
193950775150000,0.163773
193951351270000,0.147801
193951911484000,0.137163
193952493307000,0.125524
193953059988000,0.117659
193953656145000,0.106787
193954238171000,0.096288
193954808929000,0.0862667
193955384678000,0.0791233
193955961424000,0.0732167
193956552813000,0.0670858
193957130054000,0.0640423
193957741091000,0.0591548
193958336682000,0.0577556
193958993364000,0.0666899
193959634742000,0.0951135
193960236182000,0.125217
193960833282000,0.151527
193961393959000,0.178495
193961990237000,0.201243
193962556346000,0.222433
193963152777000,0.238355
193963735153000,0.252909
193964330860000,0.262495
193964911446000,0.27029
193965508296000,0.27102
193966089758000,0.270283
193966666144000,0.266263
193967247748000,0.25709
193967823309000,0.242573
193968405083000,0.223408
193968976363000,0.205051
193969562407000,0.18614
193970139838000,0.169215
193970710525000,0.153337
193971280944000,0.139713
193971847936000,0.127228
193972419225000,0.116661
193973000588000,0.106393
193973577607000,0.0973477
193974153101000,0.0888019
193974734428000,0.0817216
193975320300000,0.0744384
193975897121000,0.0684897
193976489663000,0.061161
193977060050000,0.0556263
193977641125000,0.0495381
193978212455000,0.045563
193978803802000,0.0398915
193979947086000,0.0368917
193980512900000,0.036635
193981103577000,0.0330609
193981675390000,0.0296315
193982246629000,0.0257784
193982819255000,0.0219025
193983374849000,0.0229228
193983960526000,0.0210426
193984521950000,0.208078
193985113159000,0.187995
193986256804000,0.169806
193986837564000,0.152748
193987408060000,0.138488
193987989669000,0.123524
193988556242000,0.11106
193989123477000,0.0991782
193989689492000,0.0890033
193990254938000,0.0799743
193990826394000,0.0727958
193991407547000,0.0647337
193991974096000,0.0573564
193992541375000,0.0504817
193993102017000,0.0459284
193993682615000,0.0403445
193994249402000,0.0367921
193994835619000,0.0315937
193995969048000,0.0287539
193996529568000,0.215847
193997110313000,0.19618
193997677157000,0.177746
193998248378000,0.160704
193998831201000,0.14401
193999386674000,0.133518
193999977260000,0.122199
194000548844000,0.113764
194001140032000,0.102699
194001711528000,0.093763
194002288594000,0.0839834
194002864287000,0.075706
194003435029000,0.0688694
194004022097000,0.0614844
194004593048000,0.0564841
194005180454000,0.049234
194005746255000,0.0450421
194006317029000,0.041365
194006898121000,0.0389583
194007484624000,0.0344475
194008055795000,0.0315267
194008633338000,0.0271648
194009193810000,0.024065
194009759470000,0.0213184
194010325955000,0.0195797
194010907491000,0.016975
194011479095000,0.015635
194012070867000,0.01219
194012631548000,0.0112567
194013212692000,0.00837469
194013779167000,0.0067846
194014345238000,0.0075725
194014918034000,0.010703
194015508539000,0.010464
194016084115000,0.0109241
194016665750000,0.00925127
194017237040000,0.00713299
194017788301000,0.0102298
194018370460000,0.0101509
194018931206000,0.0113291
194019516646000,0.0105686
194020093743000,0.0103573
194020669995000,0.00920246
194021247061000,0.00638907
194021808068000,0.00604773
194022383751000,0.0048366
194022955353000,0.00571497
194023541656000,0.00580104
194024122905000,0.0103111
194024730250000,0.0149781
194025320878000,0.0207913
194025936612000,0.0246924
194026558569000,0.032674
194027200100000,0.0469208
194027797865000,0.199981
194028403055000,0.215243
194029189473000,0.354872
194029800945000,0.453528
194030392460000,0.515019
194030989910000,0.54576
194031570413000,0.534757
194032151160000,0.501013
194032732936000,0.629903
194033374196000,0.584726
194034052031000,0.705743
194034802726000,0.726422
194036732267000,0.849849
194037309409000,0.95193
194037969974000,0.977012
194038585739000,0.89183
194039212526000,0.81124
194039809361000,0.741849
194040426530000,0.678565
194041022241000,0.62532
194041638049000,0.57857
194042249574000,0.538402
194042885936000,0.495462
194043507525000,0.455855
194044159702000,0.420731
194044810532000,0.393385
194049406297000,0.371773
194050113489000,0.346895
194050754475000,0.325007
194051430477000,0.302543
194052072668000,0.289524
194052774035000,0.275456
194053446312000,0.421154
194054192080000,0.393683
194054883602000,0.364425
194055530285000,0.335001
194056156868000,0.308715
194056783987000,0.284538
194057394587000,0.264633
194058045902000,0.243251
194058667511000,0.226416
194059304075000,0.215193
194059911115000,0.221269
194060562046000,0.244494
194061198096000,0.284387
194061849797000,0.320214
194062471156000,0.341001
194063108700000,0.341814
194063734344000,0.329143
194064370145000,0.309936
194064996969000,0.295147
194065643619000,0.282149
194066256086000,0.272347
194066881774000,0.263588
194067502402000,0.253958
194068149059000,0.24155
194068770790000,0.233399
194069442959000,0.222111
194070074039000,0.216944
194070759941000,0.209514
194071421453000,0.198703
194072043370000,0.186373
194072670708000,0.174356
194073286537000,0.162155
194073907128000,0.151064
194074524073000,0.139359
194075130122000,0.13039
194075748002000,0.121146
194076348520000,0.114971
194076974229000,0.110297
194077600774000,0.106077
194078252533000,0.0997177
194078860023000,0.101193
194079530846000,0.0977123
194080161632000,0.0949249
194083379143000,0.132243
194084055800000,0.166708
194084692517000,0.20773
194085344840000,0.250691
194085965735000,0.293545
194086626337000,0.342824
194087273285000,0.424109
194087964960000,0.535952
194088622549000,0.633131
194098830055000,0.700002
194099481208000,0.703671
194100112960000,0.70883
194100739240000,0.736335
194101356705000,0.769445
194101977587000,0.790841
194102598392000,0.789499
194103209944000,0.764212
194103816448000,0.7298
194106953733000,0.803332
194107726637000,0.862674
194108392502000,0.893838
194109038054000,0.864052
194109684982000,0.801586
194110321452000,0.735919
194110938770000,0.674132
194111564722000,0.613733
194112155469000,0.563947
194112777076000,0.516534
194113378216000,0.476243
194113994932000,0.43871
194114606924000,0.406038
194115232713000,0.376846
194115844141000,0.350928
194116460630000,0.32436
194117704156000,0.29873
194118319944000,0.275805
194118940961000,0.25278
194119552578000,0.233533
194120164125000,0.215306
194120776398000,0.200028
194121392116000,0.1853
194122002782000,0.173059
194122639836000,0.160296
194123246009000,0.151383
194123913654000,0.144402
194124549605000,0.144334
194125245296000,0.137782
194125887359000,0.133296
194126558873000,0.127404
194127206299000,0.115481
194128783908000,0.117291
194145622788000,0.293392
194146240337000,0.447573
194146941087000,0.583235
194147697364000,0.714289
194150077864000,0.830406
194152283228000,0.936241
194152915434000,0.951684
194153916517000,0.876151
194155801676000,0.82735
194162557333000,0.822466
194169517864000,0.76749
194171362213000,0.854304
194171979642000,0.78989
194173577089000,0.728144
194175157125000,0.667618
194180057062000,0.623171
194180913865000,0.571081
194181561199000,0.521837
194209980709000,0.63805
194211674776000,0.747517
194212546710000,0.855308
194213213252000,0.940504
194213996063000,0.959582
194214681852000,0.893579
194215408400000,0.82049
194216085038000,0.75637
194217483590000,0.693386
194218144415000,0.635328
194218791307000,0.582785
194219452732000,0.533266
194220085064000,0.665621
194220736116000,0.608101
194221361830000,0.553643
194221968468000,0.501421
194222555148000,0.453522
194223136136000,0.410986
194223723232000,0.372114
194224304237000,0.338354
194224900066000,0.306669
194225491168000,0.278818
194226087951000,0.25315
194226685427000,0.229796
194227270948000,0.211199
194227886769000,0.192671
194228463467000,0.183771
194229109833000,0.171462
194229722839000,0.166228
194230438398000,0.164132
194237208684000,0.331346
194237819921000,0.485415
194238416106000,0.627493
194238982515000,0.754683
194239574946000,0.870263
194240155496000,0.958172
194240751334000,0.926874
194241333131000,0.847288
194241939443000,0.769103
194242526905000,0.699035
194243132527000,0.633322
194243718384000,0.57433
194244309831000,0.519407
194244886171000,0.472227
194245487602000,0.427657
194246069658000,0.389152
194246665497000,0.352793
194247251152000,0.320897
194247838042000,0.290605
194248424355000,0.263539
194249001619000,0.238421
194249577469000,0.216606
194250158305000,0.196298
194250739697000,0.178362
194251321010000,0.162137
194251902426000,0.148536
194252494552000,0.135672
194253080135000,0.125172
194253670759000,0.115124
194254262754000,0.108192
194254879298000,0.10375
194255476667000,0.105344
194268245733000,0.214558
194269147265000,0.293508
194269773541000,0.373821
194270906034000,0.374508
194271493863000,0.380601
194272219453000,0.386394
194272875183000,0.394084
194273502219000,0.398745
194274113703000,0.400369
194274771064000,0.391973
194275391836000,0.382509
194276072553000,0.366122
194276734758000,0.341825
194277360844000,0.315956
194277993243000,0.292736
194278634369000,0.270144
194279250007000,0.247228
194279831815000,0.222821
194280393098000,0.200366
194280960270000,0.179493
194281521233000,0.161628
194282092155000,0.143927
194282643228000,0.130731
194283214536000,0.118576
194283785942000,0.108905
194284358159000,0.290038
194284918988000,0.451409
194285509707000,0.409022
194286076178000,0.374158
194286667654000,0.340875
194287254144000,0.314338
194287876193000,0.29086
194288496771000,0.277681
194289138249000,0.273383
194289759716000,0.284187
194291979370000,0.444326
194292561230000,0.57114
194293112468000,0.668836
194293718834000,0.757258
194294295602000,0.836234
194294891596000,0.88562
194295477764000,0.871973
194296064309000,0.833183
194296735499000,0.780013
194297368022000,0.71324
194297993629000,0.653114
194298620095000,0.597417
194299261516000,0.540543
194299842996000,0.491323
194300410493000,0.448197
194300961048000,0.592672
194301531667000,0.539784
194302098184000,0.490951
194302639552000,0.451731
194303215849000,0.410933
194303787154000,0.371136
194304353293000,0.333936
194304919783000,0.301351
194305486029000,0.273047
194306067334000,0.245772
194306629733000,0.222453
194307200103000,0.200213
194307771245000,0.180603
194308337523000,0.162827
194308908808000,0.148165
194309490270000,0.133895
194310067654000,0.121312
194310643268000,0.10889
194311213916000,0.0988468
194311790615000,0.0897135
194312371865000,0.0842238
194312964561000,0.0874043
194313545164000,0.105009
194314130919000,0.128563
194314687183000,0.15567
194315258493000,0.181284
194315834993000,0.204558
194316396631000,0.226221
194316962945000,0.249956
194317548786000,0.263393
194318120173000,0.393106
194318716577000,0.391708
194319292914000,0.378331
194319875130000,0.358608
194320455584000,0.333715
194321041983000,0.307285
194321628332000,0.28229
194322205036000,0.26361
194322807094000,0.24322
194323377949000,0.225297
194323968494000,0.206107
194324545006000,0.191886
194325141308000,0.176957
194325727831000,0.165635
194326324936000,0.154338
194326910623000,0.145248
194327521774000,0.131638
194328093214000,0.122402
194328689606000,0.113114
194329296916000,0.10396
194329882529000,0.103618
194330528407000,0.106768
194331150441000,0.114545
194341594412000,0.290483
194364327336000,0.414989
194375683602000,0.405716
194376229710000,0.536325
194402816431000,0.641253
194444623202000,0.747226
194445785874000,0.824717
194446397334000,0.869293
194448301935000,0.789602
194454360677000,0.787771
194507815396000,0.885246
194508521336000,0.946121
194509216973000,0.904245
194509894240000,0.83896
194516178750000,0.936342
194516779894000,0.951667
194517397760000,0.898934
194518043534000,0.850991
194534080504000,0.941112
194555992126000,0.864569
194556587447000,0.807902
194557188306000,0.886281
194559615038000,0.984452
194596345973000,0.896145
194606353932000,0.921037
194612173577000,0.941563
194612654005000,0.872538
194613239772000,0.803406
194613911337000,0.755872
194614562414000,0.83903
194616041511000,0.900147
194616652167000,0.898369
194619534599000,0.99012
194620250955000,0.944083
194620982804000,0.869536
194621725847000,0.80073
194622441546000,0.737413
194623152667000,0.680459
194623874334000,0.6289
194624596407000,0.583582
194625323737000,0.543743
194626094753000,0.507437
194626826421000,0.473143
194630906122000,0.443498
194631538425000,0.415045
194632204286000,0.393664
194633005908000,0.376764
194633782516000,0.354154
194634481284000,0.333201
194635181990000,0.314419
194635897409000,0.297098
194636594415000,0.282245
194637321368000,0.268219
194638028166000,0.254182
194638729406000,0.242397
194639415877000,0.235054
194640177846000,0.220178
194643636011000,0.385296
194645319765000,0.352938
194651459565000,0.366651
194652025019000,0.368694
194653494331000,0.469563
194654020996000,0.468707
194681855742000,0.508065
194686020316000,0.557921
194687608887000,0.581696
194688476118000,0.581996
194689944607000,0.557995
194691608459000,0.534716
194692244644000,0.511581
194692966843000,0.484593
194693668288000,0.458069
194695071603000,0.433436
194695803576000,0.404681
194696464920000,0.380661
194697146596000,0.357579
194697848163000,0.336005
194698544816000,0.314999
194699231711000,0.299144
194699918104000,0.291615
194700664588000,0.287289
194701416618000,0.279029
194702163633000,0.272734
194703030179000,0.254951
194708693446000,0.30091
194710147006000,0.335836
194710848605000,0.362083
194712251805000,0.386602
194713054084000,0.397174
194713735660000,0.40752
194714542194000,0.411144
194715234159000,0.40986
194715996029000,0.400688
194716742618000,0.383442
194717464061000,0.362625
194718135811000,0.354712
194720546576000,0.334757
194724470672000,0.313534
194725097524000,0.501294
194726911689000,0.48824
194727663448000,0.474437
194728420006000,0.465409
194729176662000,0.454224
194729868650000,0.44532
194730695406000,0.425054
194732329156000,0.396206
194733472035000,0.35871
194734043314000,0.330932
194735612139000,0.312089
194737145621000,0.299463
194738659327000,0.276555
194743285126000,0.277471
194744843377000,0.27091
194745630239000,0.260169
194746356986000,0.257034
194747845799000,0.24595
194748562506000,0.234932
194749254178000,0.222964
194749949983000,0.21012
194750602333000,0.203561
194751278996000,0.195488
194751970731000,0.18918
194752652079000,0.186245
194753413927000,0.342657
194754170724000,0.320536
194754862617000,0.298293
194755518984000,0.283644
194756250316000,0.26747
194756942096000,0.25322
194757643911000,0.243186
194758355726000,0.230476
194759036796000,0.221029
194759723799000,0.212871
194760410439000,0.20402
194761086839000,0.196436
194761793547000,0.192821
194762475510000,0.186364
194763176758000,0.179528
194763853313000,0.172567
194764529917000,0.166778
194765206586000,0.161043
194765892938000,0.157941
194766574902000,0.156408
194767287560000,0.153143
194767958201000,0.150847
194768664596000,0.147968
194769346037000,0.146796
194770074107000,0.147503
194770775078000,0.145248
194771466078000,0.143798
194772167900000,0.140021
194772844682000,0.140485
194773557002000,0.139738
194774277818000,0.138037
194774974589000,0.134295
194775646135000,0.133755
194777014740000,0.130058
194777675201000,0.129431
194778377675000,0.134011
194779079295000,0.133451
194779791614000,0.13202
194780472434000,0.130048
194781159106000,0.127411
194781840656000,0.124031
194782492064000,0.121351
194783169549000,0.118416
194783830443000,0.120735
194784511960000,0.120374
194785198736000,0.11899
194785866298000,0.118188
194786552294000,0.117378
194787228225000,0.11522
194787899708000,0.114737
194788561701000,0.115366
194789239429000,0.116372
194789915066000,0.115422
194790590718000,0.113872
194791252861000,0.110589
194791904477000,0.10917
194792577007000,0.283466
194793227584000,0.263098
194793888769000,0.244062
194794520545000,0.230567
194795182094000,0.217167
194795839473000,0.20561
194796500357000,0.193515
194797141754000,0.184684
194797813300000,0.175032
194798464729000,0.166316
194799117207000,0.158714
194799772943000,0.15147
194800439430000,0.144534
194801075734000,0.142305
194801752571000,0.137068
194802414722000,0.133803
194803075639000,0.129822
194803742576000,0.126839
194804414100000,0.123458
194805071351000,0.120118
194805737682000,0.114666
194806367973000,0.113992
194807025226000,0.110604
194807671590000,0.108411
194808324094000,0.105915
194808980042000,0.104427
194809651044000,0.100812
194810277631000,0.105268
194811019634000,0.105591
194811701807000,0.11187
194812398138000,0.27663
194813184471000,0.266877
194813961313000,0.252211
194818833193000,0.311824
194825548634000,0.454315
194826415696000,0.577453
194827072357000,0.688753
194827950099000,0.799773
194828645886000,0.89177
194829452894000,0.95751
194832790589000,0.917569
194836133647000,0.831169
194836720106000,0.764013
194837452524000,0.715279
194839020509000,0.668381
194839712096000,0.626988
194840469635000,0.58585
194841215873000,0.554762
194842017462000,0.517642
194842693968000,0.486075
194843405995000,0.454944
194844108266000,0.426277
194844823457000,0.396211
194845500770000,0.371795
194846187386000,0.348666
194846894993000,0.327327
194847601145000,0.309974
194848322105000,0.294133
194849034189000,0.279971
194849755708000,0.264489
194850483040000,0.25411
194851214106000,0.23693
194852141384000,0.218519
194853590495000,0.202172
194855273843000,0.18984
194871391784000,0.227644
194877094780000,0.255351
194881896466000,0.29822
194885039103000,0.317767
194885756261000,0.33177
194888723202000,0.354209
194890361526000,0.371206
194891800783000,0.383443
194892516870000,0.389784
194893990195000,0.383889
194894686606000,0.373458
194896661385000,0.342243
194900229786000,0.305403
194900756027000,0.279473
194902704961000,0.441329
194905932648000,0.563967
194908104132000,0.549239
194911141266000,0.681868
194911787065000,0.804219
194912408558000,0.913609
194913019874000,0.981172
194913636273000,0.906918
194914268896000,0.822118
194914859636000,0.747041
194915470529000,0.677778
194916067293000,0.616506
194916683550000,0.559251
194917276272000,0.508278
194917877026000,0.463033
194918472778000,0.423475
194919089407000,0.386375
194919685764000,0.353873
194920297198000,0.325233
194920919254000,0.298801
194921555201000,0.274503
194922166663000,0.264264
194922948296000,0.249085
194923554753000,0.234924
194924141841000,0.217808
194924717679000,0.203931
194925323984000,0.19133
194925920483000,0.182538
194926537225000,0.174946
194927144206000,0.171039
194927754906000,0.173127
194928350836000,0.182171
194928952662000,0.197283
194929549077000,0.218882
194930151666000,0.236887
194930747350000,0.249582
194931348024000,0.255796
194931969723000,0.262154
194932611062000,0.265821
194933223780000,0.268029
194933859809000,0.255272
194934465529000,0.281836
194934871113000,0.435479
194935442846000,0.558955
194936084323000,0.571635
194937057225000,0.562187
194937788308000,0.544778
194938394861000,0.495594
194938986291000,0.615851
194940505117000,0.618644
194941261651000,0.603292
194941903223000,0.576672
194942464394000,0.535797
194943041925000,0.49666
194943632530000,0.620741
194944183081000,0.718657
194944754928000,0.786372
194945381291000,0.821253
194946129256000,0.819696
194946729906000,0.78496
194947275494000,0.732797
194947822129000,0.656778
194948248367000,0.59754
194948809272000,0.543822
194949386750000,0.494417
194949952269000,0.442529
194950488079000,0.407829
194951029466000,0.536114
194951651331000,0.653441
194952287261000,0.613852
194952904699000,0.622867
194953565540000,0.61439
194954151979000,0.593039
194954738155000,0.560156
194955324949000,0.523201
194955922171000,0.482553
194956512708000,0.44427
194957108639000,0.4095
194957695447000,0.379027
194958281762000,0.352355
194958883852000,0.326518
194959510100000,0.297638
194960125748000,0.274712
194960732415000,0.266905
194961353909000,0.2721
194961940349000,0.286241
194962567411000,0.29543
194963153047000,0.301037
194963774636000,0.297471
194964351046000,0.288394
194964972432000,0.271077
194965549587000,0.255457
194966160404000,0.237103
194966746106000,0.226264
194967358082000,0.214814
194967969509000,0.202518
194968587244000,0.188136
194969187738000,0.176456
194969803273000,0.165285
194970400205000,0.155324
194971011639000,0.143145
194971603087000,0.133707
194972215202000,0.123619
194972810446000,0.115717
194973422297000,0.106795
194974018467000,0.0995537
194974625365000,0.0919608
194975222477000,0.0863866
194975828239000,0.0808978
194976433775000,0.0761524
194977040878000,0.0703941
194977632014000,0.0660529
194978224577000,0.0625312
194978810275000,0.064996
194979461236000,0.0684305
194980148087000,0.0824904
194980764563000,0.0701727
194981291848000,0.146708
194981827735000,0.131888
194982378415000,0.125233
194982974806000,0.227842
194983616267000,0.210333
194984222563000,0.193387
194984784667000,0.180705
194985360467000,0.169698
194985956501000,0.160551
194986567915000,0.15157
194987199480000,0.139532
194987792261000,0.127119
194988362808000,0.123503
194988948639000,0.119398
194989544933000,0.111848
194990141720000,0.107347
194990772950000,0.106683
194991380023000,0.109248
194991995966000,0.105117
194992617326000,0.0996997
194993243606000,0.0974984
194994477066000,0.0894467
194995068075000,0.0814982
194995644058000,0.079202
194996256321000,0.0790381
194996877607000,0.077928
194997479557000,0.0784261
194998095501000,0.0739525
194998666078000,0.070159
194999228079000,0.0724626
194999829247000,0.0719735
195000430646000,0.0698111
195001042498000,0.067577
195001623529000,0.0688409
195002224991000,0.0677857
195002841419000,0.0660815
195003453130000,0.0632197
195004034890000,0.0622044
195004615708000,0.0631663
195005217107000,0.0621046
195005833598000,0.0603191
195006429927000,0.0604271
195007037451000,0.0617496
195007668195000,0.0605985
195008274107000,0.0586619
195008871081000,0.0648858
195009507243000,0.0651997
195010114271000,0.0656915
195010725564000,0.0654802
195011346011000,0.0659953
195011982903000,0.0661961
195012614354000,0.0756153
195013225872000,0.0819789
195013833318000,0.0832682
195014463736000,0.0817073
195015084909000,0.0805085
195015711568000,0.0791222
195016333122000,0.0823978
195016955446000,0.0816773
195017545832000,0.076869
195018142328000,0.0695421
195018718770000,0.0651918
195019310244000,0.0632122
195019932649000,0.0623146
195020543397000,0.0612777
195021144053000,0.0618126
195021760647000,0.0609192
195022382338000,0.0599352
195023010366000,0.0549647
195023595659000,0.0509316
195024186377000,0.047394
195024752812000,0.0507892
195025379472000,0.0665416
195026061138000,0.0723056
195026688016000,0.169573
195027289030000,0.245859
195027885422000,0.223616
195028451579000,0.211073
195029038245000,0.202757
195029640241000,0.194515
195030256041000,0.179407
195030836880000,0.16954
195031463795000,0.185991
195032070252000,0.300874
195032722751000,0.39144
195034445649000,0.363278
195035117453000,0.333545
195035739972000,0.30684
195036355617000,0.280839
195036961750000,0.258371
195037583184000,0.237887
195038194564000,0.226421
195069021994000,0.215044
195069678050000,0.199465
195070285128000,0.187082
195070916379000,0.174324
195071532911000,0.163065
195072164356000,0.151629
195072775579000,0.142945
195073407971000,0.136781
195074013480000,0.146832
195074685035000,0.175961
195075347030000,0.222572
195102640834000,0.363884
195108435341000,0.513699
195110624375000,0.632893
195111998742000,0.581883
195114945676000,0.553736
195115571362000,0.669419
195116132205000,0.756846
195808397182000,0.770153
195895653595000,0.800037
195917266923000,0.894941
195919287125000,0.842898
195920124310000,0.78059
195921662848000,0.752836
195922399683000,0.702288
195937091242000,0.642749
195938890979000,0.585686
195942616363000,0.600687
195943247407000,0.543205
195943797893000,0.49118
195945016033000,0.451307
195948740218000,0.46663
195949423234000,0.465291
195950669984000,0.437905
195951266592000,0.409654
195951858221000,0.37845
195952456321000,0.355357
195953061458000,0.335487
195953661895000,0.308071
195954259216000,0.286725
195954880631000,0.289334
195955483935000,0.308895
195956064700000,0.346952
195956684840000,0.394583
195957286624000,0.433149
195957868128000,0.4502
195958464605000,0.447041
195959072223000,0.432168
195959682446000,0.423414
195960324161000,0.419941
195960960690000,0.401264
195961567245000,0.377861
195962184851000,0.384032
195962820403000,0.391227
195963436556000,0.391593
195964028158000,0.381845
195964615055000,0.36284
195965217444000,0.336049
195965823234000,0.309202
195966423977000,0.286609
195967035812000,0.269983
195967637409000,0.257326
195968235587000,0.242342
195968830993000,0.223218
195969411695000,0.206169
195970003123000,0.194833
195970594816000,0.184655
195971196350000,0.171698
195971799099000,0.159263
195972409590000,0.147899
195973024894000,0.136138
195973617093000,0.126036
195974198498000,0.118367
195974791381000,0.110637
195975386996000,0.102427
195975977861000,0.0942403
195976564578000,0.087557
195977151151000,0.0824307
195977757790000,0.0784508
195978374728000,0.0736354
195978975368000,0.072584
195979576970000,0.0729378
195980174035000,0.068716
195980770204000,0.0649798
195981377606000,0.0619104
195981983384000,0.0600592
195982588934000,0.0578498
195983186049000,0.0537011
195983777480000,0.0507741
195984380582000,0.0474376
195984976144000,0.0445888
195985571527000,0.0422922
195986173562000,0.0414462
195986770051000,0.0435865
195987376591000,0.0447866
195987978873000,0.0442183
195988579620000,0.0422375
195989170976000,0.0431923
195989792446000,0.0409408
195990384061000,0.0388652
195990966175000,0.0379592
195991557110000,0.0386971
195992163048000,0.0379631
195992755046000,0.0379513
195993350944000,0.0399195
195993973982000,0.0392759
195994579676000,0.0392274
195995190680000,0.0449715
196002995489000,0.0542758
196003693004000,0.231924
196004349053000,0.222432
196005004982000,0.20727
196005606724000,0.190479
196006203387000,0.177429
196006830915000,0.168501
196007496784000,0.160254
196008132703000,0.15299
196008749685000,0.145104
196009376178000,0.13867
196010008822000,0.131325
196010634650000,0.12704
196011260609000,0.123052
196011877285000,0.117072
196012473792000,0.111421
196013081584000,0.105656
196013697634000,0.09943
196014313061000,0.0920297
196014914937000,0.0851227
196015511640000,0.0793204
196016112952000,0.0742576
196016710313000,0.0694852
196017305998000,0.0653671
196017907307000,0.0609232
196018499062000,0.0580978
196019100378000,0.056285
196019707757000,0.054617
196020318736000,0.0534071
196020934487000,0.0531565
196021546359000,0.0506956
196022142806000,0.0482432
196022735710000,0.0475771
196023346510000,0.0477066
196023967166000,0.0477472
196024588921000,0.0478359
196025210560000,0.0473956
196025827226000,0.0472292
196026444242000,0.0468745
196027065096000,0.0469475
196027686487000,0.0461727
196028308461000,0.0445668
196028909737000,0.0448813
196029516852000,0.046535
196030132768000,0.0485998
196030749086000,0.0508641
196031365581000,0.0538078
196031987389000,0.0546964
196032614933000,0.0520381
196033200516000,0.0493636
196033780888000,0.0501886
196034398147000,0.232717
196035020004000,0.217408
196035622507000,0.202863
196036203108000,0.186227
196036794114000,0.173998
196037395857000,0.163338
196037997430000,0.152825
196038593813000,0.142975
196039196129000,0.133384
196039801680000,0.124478
196040412954000,0.114434
196041009832000,0.106463
196041616207000,0.099197
196042223616000,0.0937544
196042839545000,0.089235
196043444912000,0.0869682
196044041997000,0.0820529
196044628676000,0.0756247
196045221175000,0.069731
196045811685000,0.0663024
196046412860000,0.0654166
196047019494000,0.0655486
196047635945000,0.0648259
196048252419000,0.0623441
196048849732000,0.0590094
196049440555000,0.0561262
196050041959000,0.054434
196050653506000,0.0547457
196051270132000,0.0618593
196051912613000,0.0757665
196052548289000,0.0891071
196053149559000,0.0967969
196054935085000,0.155656
196055610658000,0.188791
196056226750000,0.196406
196056833784000,0.34735
196057430124000,0.357646
196058037849000,0.38489
196058643635000,0.40471
196059234490000,0.415209
196059836276000,0.414883
196060432793000,0.404433
196061024216000,0.531724
196061631445000,0.50781
196062247059000,0.484106
196062863661000,0.455585
196063475196000,0.422952
196064056615000,0.388653
196064629269000,0.355229
196065214927000,0.505792
196065835471000,0.473801
196066487624000,0.444867
196071565259000,0.422089
196072206479000,0.39532
196072858225000,0.362816
196073469794000,0.332821
196074062652000,0.306303
196074643338000,0.284625
196075274053000,0.266341
196075901121000,0.24599
196076472495000,0.228055
196077058485000,0.217427
196077660812000,0.209051
196078256768000,0.199791
196078858080000,0.187936
196079454606000,0.172815
196080036002000,0.338316
196080633658000,0.471005
196081244053000,0.46316
196081834936000,0.442631
196082396852000,0.412031
196082998406000,0.380001
196083611109000,0.350196
196084212057000,0.322322
196084802699000,0.296485
196085404089000,0.272775
196086000821000,0.250893
196086597482000,0.232004
196087199462000,0.213566
196087800262000,0.199194
196088391656000,0.200093
196088998073000,0.212624
196095860054000,0.370153
196096507807000,0.512492
196097153598000,0.638975
196097804439000,0.749565
196098456380000,0.849695
196099087917000,0.918532
196099725475000,0.901406
196100361397000,0.834661
196100987363000,0.765589
196101629322000,0.700661
196102265742000,0.641583
196102908107000,0.586687
196103543877000,0.536698
196104180217000,0.49158
196104816782000,0.451533
196105458698000,0.416161
196106101287000,0.382832
196106732251000,0.351804
196107352868000,0.325473
196107989892000,0.307568
196108641471000,0.297485
196109304248000,0.287952
196109960146000,0.266445
196110575938000,0.248349
196111187738000,0.238043
196111804187000,0.228225
196112411611000,0.212873
196112987943000,0.197528
196113588611000,0.185473
196114240276000,0.177481
196119678813000,0.16779
196120279683000,0.159789
196120891580000,0.153448
196121523081000,0.146433
196122135857000,0.139383
196122736584000,0.131133
196123347362000,0.121991
196123944017000,0.116064
196124560660000,0.114186
196125187197000,0.112632
196125814380000,0.108308
196126439890000,0.104122
196127081822000,0.0997808
196127713269000,0.0951264
196128334549000,0.0918916
196128951959000,0.0916299
196129592724000,0.0897326
196130219476000,0.0869381
196130850928000,0.0883144
196137121452000,0.111663
196137778059000,0.140311
196138455439000,0.185816
196139156284000,0.239879
196139807864000,0.293822
196140444621000,0.329967
196141076186000,0.352944
196141708334000,0.365287
196142339084000,0.365936
196142950619000,0.361094
196143587590000,0.347639
196144203812000,0.333133
196144850989000,0.316357
196145502065000,0.296665
196146123276000,0.277376
196146729880000,0.259128
196147356600000,0.23899
196147964104000,0.219596
196148564483000,0.202486
196149175341000,0.185501
196149772518000,0.169529
196150358921000,0.155659
196150951462000,0.142744
196151542319000,0.131328
196152138023000,0.121587
196152744813000,0.112436
196153346608000,0.102662
196153917813000,0.0961855
196154499707000,0.0925781
196155100826000,0.0903968
196155707127000,0.0863077
196156308298000,0.0804164
196156905006000,0.0765333
196157512511000,0.0733795
196158128406000,0.0686126
196158723947000,0.064518
196159320945000,0.062263
196159922368000,0.060917
196160534848000,0.058484
196161141098000,0.0548799
196161736557000,0.0514301
196162327962000,0.0488164
196162919906000,0.046928
196163521251000,0.0463592
196164133631000,0.0445802
196164739196000,0.0421085
196165340278000,0.0398683
196165936910000,0.0380577
196166528703000,0.0367411
196167126247000,0.0356467
196167726745000,0.034626
196168327436000,0.0346369
196168944299000,0.034062
196169555874000,0.0336912
196170168205000,0.0313215
196170759469000,0.0305152
196171355224000,0.0317493
196171971620000,0.0309496
196172568031000,0.0308362
196173169700000,0.0297427
196173761991000,0.0292105
196174357943000,0.0281546
196174944082000,0.0288127
196175540599000,0.0300015
196176142384000,0.0304696
196176744536000,0.029793
196177335321000,0.0302717
196177931293000,0.0316689
196178533022000,0.0337376
196179134705000,0.0363871
196179752144000,0.0353027
196180347879000,0.0359848
196180953810000,0.040441
196181595476000,0.0447513
196182232094000,0.0476019
196182853645000,0.0491053
196183470848000,0.048784
196184086543000,0.0464319
196184682740000,0.044716
196185284194000,0.0437081
196185890945000,0.0426588
196186498638000,0.0422119
196187114219000,0.0420052
196187730515000,0.0408171
196188336787000,0.0403457
196188933589000,0.0421935
196189536181000,0.0408199
196190136868000,0.0516008
196190762513000,0.0675976
196191374429000,0.0844388
196192001122000,0.12195
196192643763000,0.1929
196193299783000,0.247888
196193940318000,0.253842
196194567289000,0.246862
196195168617000,0.24119
196195771431000,0.23849
196196397432000,0.236111
196197043021000,0.231561
196197699852000,0.222997
196198331196000,0.215351
196198949216000,0.212511
196199580305000,0.20893
196200201078000,0.201492
196200812490000,0.192592
196201418979000,0.186466
196202045905000,0.179167
196202673216000,0.167516
196203288433000,0.155438
196203905327000,0.145494
196204526554000,0.137123
196205158010000,0.129796
196205775398000,0.124471
196206406135000,0.118383
196207032538000,0.11301
196207654256000,0.110136
196208285593000,0.107385
196208913244000,0.104095
196209538826000,0.100039
196210175377000,0.0959678
196210802042000,0.0922939
196211428758000,0.08995
196212065794000,0.087367
196212696440000,0.0845258
196213332488000,0.0806202
196213944474000,0.0799449
196214531312000,0.0839309
196215128795000,0.0866684
196215749815000,0.0835641
196216350544000,0.265714
196216947082000,0.317667
196217684121000,0.461738
196218226143000,0.411165
196218741950000,0.379123
196219292465000,0.351261
196219833905000,0.336165
196220470639000,0.323722
196221102353000,0.304708
196221699677000,0.284268
196222310286000,0.261739
196222896250000,0.242324
196223513215000,0.222447
196224114552000,0.20694
196224742230000,0.191796
196225353040000,0.179596
196227387949000,0.17096
196228010414000,0.16166
196228620848000,0.150459
196229221273000,0.141166
196229828706000,0.131926
196230429921000,0.125237
196231037529000,0.118442
196231643671000,0.115236
196232274321000,0.111606
196232881358000,0.110839
196233507853000,0.107127
196234139232000,0.10838
196234856403000,0.112101
196237226941000,0.186007
196238720152000,0.234675
196239216806000,0.267919
196240414186000,0.264807
196241021959000,0.302678
196241692885000,0.361062
196242299026000,0.42998
196242885336000,0.511402
196243487116000,0.60258
196244104255000,0.698891
196244705035000,0.78331
196245316000000,0.835194
196245917395000,0.835762
196246524277000,0.796821
196247126600000,0.744066
196247742261000,0.685439
196248343484000,0.630999
196248990657000,0.578698
196249611988000,0.521559
196251135970000,0.488977
196251922564000,0.46563
196252574249000,0.492001
196253411910000,0.518339
196254033203000,0.529999
196254859327000,0.513329
196255455710000,0.48869
196256057664000,0.46161
196256644602000,0.43363
196257225942000,0.405754
196257791528000,0.379459
196258363383000,0.353669
196258949415000,0.329749
196259551214000,0.306543
196260153079000,0.285861
196260754033000,0.266456
196261355284000,0.245999
196261946908000,0.225488
196262523477000,0.206899
196263116372000,0.188321
196263696902000,0.172176
196264287453000,0.156517
196264868353000,0.142556
196265445434000,0.130115
196266026696000,0.12119
196266633550000,0.111408
196267229624000,0.102352
196267830666000,0.0931714
196268397414000,0.085675
196268988408000,0.0745199
196269536141000,0.067102
196270102066000,0.0621718
196270682587000,0.0578046
196271269579000,0.054528
196271855759000,0.0522082
196272436955000,0.0490229
196273014511000,0.0477928
196273604956000,0.0460056
196274201152000,0.0434264
196274788034000,0.0415131
196275364362000,0.0426588
196275966749000,0.0392027
196276542500000,0.037085
196277133058000,0.037076
196277725137000,0.0373369
196278321254000,0.0340989
196278882706000,0.0350564
196279485318000,0.0333737
196280085727000,0.0293814
196280667037000,0.0263126
196281253379000,0.0215643
196281830011000,0.0208698
196282442338000,0.0122099
196282997981000,0.0124333
196283588895000,0.00885473
196284150185000,0.0102463
196284736659000,0.00958367
196285313481000,0.010052
196285890523000,0.0108058
196286470725000,0.0125246
196287071751000,0.011667
196287663878000,0.0141912
196288260167000,0.0157447
196288863141000,0.0134503
196289423226000,0.0129006
196290009293000,0.0120467
196290585997000,0.0132259
196291187364000,0.0113094
196291758600000,0.0111908
196292330733000,0.0108223
196292911383000,0.0142572
196293512700000,0.0184455
196294099073000,0.0330714
196294740740000,0.0592075
196295327996000,0.0973006
196295919014000,0.132357
196296494314000,0.164062
196297066040000,0.189591
196297647849000,0.208708
196298229398000,0.220366
196298811068000,0.224497
196299391583000,0.221861
196299978104000,0.215747
196300574944000,0.206691
196301161512000,0.196998
196301749059000,0.186655
196302339337000,0.180397
196302964904000,0.172693
196303566889000,0.157245
196304113266000,0.143559
196342760985000,0.154315
196343433222000,0.152845
196344014078000,0.145836
196344609935000,0.130571
196345176684000,0.116843
196345737831000,0.10545
196346309696000,0.0965406
196346886023000,0.0872101
196347452082000,0.08066
196348023405000,0.0751303
196348594914000,0.0707219
196349171343000,0.0654413
196349748395000,0.0617735
196350334079000,0.0572363
196350915099000,0.0521676
196351511837000,0.0449512
196352063430000,0.0413061
196352634629000,0.0390987
196353221383000,0.0408716
196353842103000,0.0408622
196354448320000,0.0498197
196355134846000,0.0816839
196355746842000,0.13891
196356419242000,0.192408
196362539017000,0.213306
196364261974000,0.365536
196367655299000,0.352337
196368492127000,0.339584
196369239676000,0.34041
196464720488000,0.344303
196480407174000,0.479283
196480953643000,0.591981
196486518173000,0.595001
196487013596000,0.541346
196506870259000,0.539027
196507667314000,0.499269
196508268377000,0.460471
196522798311000,0.445829
196523379144000,0.426441
196526065993000,0.506779
196526661889000,0.583029
196527413841000,0.701391
196528035389000,0.801775
196528717836000,0.869778
196529358748000,0.86564
196530059452000,0.809563
196532060533000,0.771745
196532671504000,0.730714
196533533384000,0.674395
196534174955000,0.782026
196535012977000,0.742235
196535643783000,0.721829
196536485203000,0.690309
196537101771000,0.738269
196537863355000,0.77351
196538495876000,0.80354
196539136714000,0.802127
196539772888000,0.773391
196540439843000,0.727002
196541055176000,0.680036
196541733586000,0.627268
196542394252000,0.597912
196543301265000,0.567663
196543942928000,0.529047
196544625745000,0.484099
196545251479000,0.438908
196545842086000,0.399913
196546448762000,0.362139
196547055179000,0.32964
196547651840000,0.303738
196548273873000,0.27929
196548884232000,0.259417
196549521032000,0.239313
196550127511000,0.223557
196550753940000,0.207201
196551346021000,0.195598
196551961797000,0.181474
196552553127000,0.169423
196553164696000,0.158028
196553781016000,0.147641
196554423595000,0.132928
196554999268000,0.120983
196555595061000,0.108732
196556166896000,0.100741
196556778063000,0.0915003
196557360680000,0.085504
196557991517000,0.0748671
196558552301000,0.0698899
196559178779000,0.0580532
196559725214000,0.0540602
196560311620000,0.0514166
196560898789000,0.0494022
196561524089000,0.0422933
196562090343000,0.0404509
196562682279000,0.037823
196563268208000,0.0377908
196563896116000,0.0339101
196564471795000,0.0330732
196565092501000,0.0293144
196565669194000,0.0293669
196566265560000,0.0274718
196566846899000,0.0281101
196567454149000,0.0283352
196568054782000,0.0312219
196568671029000,0.0328526
196569287538000,0.0343852
196569908884000,0.0339235
196570511170000,0.0343832
196571121880000,0.0341704
196571723357000,0.0349604
196572329801000,0.0355805
196572946319000,0.0349971
196573548485000,0.0333895
196574144414000,0.0328754
196574744985000,0.0320089
196575346437000,0.033111
196575968401000,0.0322595
196576570499000,0.0332091
196577181963000,0.0335496
196577777661000,0.0353272
196578388759000,0.0349126
196578980155000,0.0368298
196579592106000,0.0387264
196580209063000,0.0403578
196580859992000,0.0411198
196581466362000,0.0447337
196582102790000,0.0459486
196582719359000,0.0481071
196583346611000,0.0484033
196583937338000,0.053367
196584588765000,0.0524884
196585199930000,0.0536742
196585836469000,0.0520269
196586443953000,0.0524757
196587064862000,0.0519299
196587685168000,0.0524652
196588312481000,0.0520659
196588934172000,0.0522269
196589561545000,0.0507379
196590176822000,0.0513799
196590803003000,0.0496898
196591404695000,0.0500096
196592031298000,0.0494041
196592643558000,0.0508747
196593279332000,0.0517881
196593885040000,0.056279
196594537345000,0.0569867
196595163753000,0.0578194
196595786160000,0.058401
196596366791000,0.0654676
196597057424000,0.0660093
196597679685000,0.0676318
196598326371000,0.0671427
196598958609000,0.0678373
196599604465000,0.0658135
196600225437000,0.0645425
196600852066000,0.0628321
196601463571000,0.0644516
196602120394000,0.0638737
196602742431000,0.0636511
196603387673000,0.065025
196604034653000,0.0673006
196604690858000,0.0674837
196605327431000,0.0689897
196605979527000,0.0686311
196606610544000,0.0704531
196607262225000,0.0706375
196607903528000,0.0699759
196608535291000,0.0674218
196609156836000,0.067419
196609792976000,0.0643177
196610399546000,0.0636248
196611025998000,0.0612327
196611632477000,0.0617019
196612264230000,0.0598755
196612880039000,0.0584845
196613526762000,0.0573787
196614138181000,0.0598412
196614764429000,0.0619478
196615381737000,0.0665037
196616022658000,0.0665268
196616639236000,0.065797
196617270824000,0.0638034
196617877251000,0.0655476
196618524470000,0.0646362
196619149741000,0.0660651
196619796546000,0.0639158
196620423100000,0.0629241
196621044458000,0.0608978
196621657392000,0.0609512
196622282696000,0.0587304
196622898472000,0.0585595
196623520253000,0.0729
196624151321000,0.105447
196624804495000,0.145336
196625419839000,0.184694
196626051102000,0.215953
196626652792000,0.243529
196627259207000,0.26226
196627866410000,0.270375
196628492783000,0.269723
196629073345000,0.270337
196629705066000,0.261273
196630306401000,0.25011
196630917469000,0.238076
196631519735000,0.224239
196632125586000,0.209614
196632721824000,0.197137
196633338447000,0.18436
196633944868000,0.173189
196634552151000,0.160723
196635142889000,0.149259
196635738676000,0.138441
196636335320000,0.132885
196636957028000,0.127727
196637574899000,0.121146
196638190447000,0.111737
196638786176000,0.102983
196639377186000,0.0963573
196639979253000,0.0916999
196640591704000,0.0865257
196641197711000,0.0831458
196641813349000,0.078833
196642424845000,0.0753977
196643021387000,0.0707508
196643617698000,0.0680807
196644229211000,0.063387
196644820484000,0.061904
196645442133000,0.058239
196646033382000,0.0572946
196646655039000,0.0551934
196647252330000,0.0548686
196647863014000,0.0536944
196648473934000,0.0513258
196649080529000,0.0497025
196649691923000,0.0471574
196650299434000,0.0455728
196650905226000,0.0410192
196651511198000,0.0394379
196652117846000,0.0384156
196652728951000,0.0370954
196653320714000,0.0382318
196653932829000,0.0372614
196654523385000,0.0391887
196655134672000,0.0391627
196655731352000,0.0414505
196656347384000,0.0411214
196656944729000,0.0417141
196657550801000,0.0413279
196658156466000,0.0415562
196658778500000,0.0413512
196659384941000,0.04114
196659997262000,0.0404617
196660597961000,0.042457
196661218880000,0.0429305
196661830658000,0.0429581
196662441976000,0.0423151
196663049722000,0.0430897
196663665657000,0.0419157
196664270653000,0.0413239
196664867507000,0.0396986
196665469182000,0.0391574
196666667853000,0.0381464
196667263482000,0.0372249
196667869666000,0.0391016
196668501361000,0.0385871
196669122907000,0.0390699
196669735145000,0.0373247
196670335975000,0.0373411
196670941687000,0.0369995
196671538441000,0.0388746
196672169733000,0.03891
196672782270000,0.0392236
196673402968000,0.0391038
196674018996000,0.0367441
196674645694000,0.0369286
196675247140000,0.0425519
196675894690000,0.0426838
196676490534000,0.0452932
196677111467000,0.042763
196677703054000,0.041396
196678299419000,0.0428304
196678905430000,0.0468749
196679537921000,0.0457072
196680138785000,0.0464155
196680774696000,0.0457318
196681386682000,0.0451467
196681993800000,0.0436133
196682595663000,0.0434724
196683205892000,0.0429363
196683822278000,0.0447702
196684453808000,0.0445166
196685065555000,0.0448907
196685682820000,0.0440507
196686293474000,0.0447841
196686924316000,0.0436111
196687526309000,0.0445714
196688142746000,0.0444484
196688754478000,0.0475656
196689390734000,0.0490565
196690011553000,0.0491884
196690638572000,0.0484294
196691254750000,0.0456974
196691877362000,0.0435436
196692473356000,0.0424942
196693078980000,0.0426328
196693685493000,0.0436991
196694297149000,0.0436104
196694898347000,0.0462024
196695525667000,0.0466766
196696116435000,0.0586172
196696772744000,0.0777692
196697384408000,0.110268
196698607920000,0.177084
196699208818000,0.233843
196699814550000,0.283773
196700421401000,0.319003
196701017909000,0.335772
196701625944000,0.335953
196702226188000,0.329576
196702841677000,0.316196
196703438672000,0.30132
196704049751000,0.284322
196704661984000,0.267336
196705278410000,0.248275
196705884047000,0.230569
196706480251000,0.21364
196707082177000,0.197483
196707678525000,0.181386
196708280723000,0.16749
196708881136000,0.154742
196709487415000,0.14573
196710109185000,0.135482
196710715662000,0.12888
196711342932000,0.121915
196711958774000,0.114697
196712589210000,0.108132
196713201468000,0.100069
196713812878000,0.0957378
196714425647000,0.0977969
196715111290000,0.0920715
196715722035000,0.0815981
196719125028000,0.0968182
196720051912000,0.0963402
196720659902000,0.11157
196721406292000,0.14333
196722071860000,0.20174
196722839002000,0.246833
196723480687000,0.274604
196724263092000,0.287486
196724919058000,0.294534
196783721872000,0.450411
196785696823000,0.530671
196787460454000,0.660444
196917274283000,0.641919
196918000951000,0.610544
196918693024000,0.569604
196989537946000,0.695246
196990135329000,0.789774
196990716093000,0.761317
196999526167000,0.8594
197006282891000,0.771864
197006733504000,0.698805
197010691817000,0.752629
197011378889000,0.771238
197012020221000,0.76364
197012662699000,0.743014
197013273442000,0.717593
197016876449000,0.786617
197017538161000,0.836914
197018219664000,0.855323
197018867314000,0.815034
197019513152000,0.745887
197020144073000,0.679557
197020745705000,0.618332
197021332018000,0.567062
197021958702000,0.517382
197022565714000,0.4729
197023196286000,0.429679
197023792371000,0.392601
197024404052000,0.358315
197025000801000,0.328468
197025607723000,0.301694
197026233525000,0.278385
197026859822000,0.253921
197027456251000,0.232234
197028037728000,0.213309
197028619870000,0.195508
197029210659000,0.178641
197029801531000,0.164306
197030388087000,0.150711
197030974481000,0.139951
197031576049000,0.129236
197032177837000,0.120841
197032783686000,0.111642
197033385129000,0.103849
197033981566000,0.0961249
197034577724000,0.0909549
197035185268000,0.0844465
197035780860000,0.0800405
197036386321000,0.0748911
197036988495000,0.0723306
197037609921000,0.0687877
197038222297000,0.0704713
197038883010000,0.0696755
197039498907000,0.0818146
197040210897000,0.113082
197040852452000,0.173538
197043768950000,0.340379
197046561160000,0.401025
197047202434000,0.446567
197047799790000,0.490197
197048485492000,0.562274
197049121184000,0.651685
197049778399000,0.736937
197050379682000,0.792006
197050987173000,0.811481
197051588081000,0.801299
197052228627000,0.759713
197052830450000,0.705633
197053446898000,0.650874
197054049297000,0.599345
197054670384000,0.547942
197055271011000,0.500638
197055877426000,0.457439
197056483750000,0.420374
197057100446000,0.384106
197057701983000,0.352079
197058313317000,0.321773
197058919541000,0.297034
197059556360000,0.27389
197060182545000,0.24941
197062492968000,0.240814
197063229984000,0.223029
197063857255000,0.20628
197064487770000,0.191633
197065103649000,0.182206
197065755828000,0.171206
197066366892000,0.165177
197067014787000,0.153391
197067614876000,0.144644
197068231117000,0.135332
197068842806000,0.129403
197069479096000,0.123467
197070116838000,0.123836
197070822823000,0.118703
197071458417000,0.117387
197075152205000,0.134274
197075769207000,0.13779
197076516801000,0.1475
197077112521000,0.167578
197077728545000,0.18821
197078359924000,0.309565
197080064680000,0.464504
197081522429000,0.550122
197082128800000,0.598978
197082770228000,0.601233
197083392291000,0.574954
197083973101000,0.541748
197084544364000,0.511952
197085180909000,0.476124
197085792372000,0.437346
197086394912000,0.397215
197086970612000,0.361859
197087560929000,0.33038
197088152870000,0.303687
197088779342000,0.277375
197089361492000,0.25712
197089962782000,0.237258
197090538221000,0.21989
197091124636000,0.201356
197091706180000,0.178669
197092237251000,0.159927
197094823390000,0.181435
197095574999000,0.176241
197096182163000,0.161885
197096773023000,0.148967
197097364178000,0.137258
197097940560000,0.12885
197098506962000,0.120937
197099084551000,0.111196
197099649903000,0.105334
197100250795000,0.101276
197100867420000,0.0858067
197102822497000,0.0966567
197103458328000,0.112611
197104105126000,0.131993
197104716486000,0.159326
197105293877000,0.196153
197105864948000,0.236873
197106445525000,0.270101
197107011743000,0.295213
197107588216000,0.310049
197108169346000,0.312178
197108761669000,0.301392
197109342368000,0.286061
197109932513000,0.268055
197110519837000,0.249998
197111116389000,0.229147
197111682730000,0.210096
197112294609000,0.187998
197112830444000,0.17313
197113406849000,0.159011
197113983097000,0.146199
197114559492000,0.135313
197115146742000,0.123882
197115727534000,0.114649
197116313212000,0.106727
197116895031000,0.101135
197117486296000,0.096619
197118093802000,0.0893998
197118674773000,0.0835984
197119260078000,0.0773261
197119821724000,0.0753548
197120418014000,0.0704841
197120989485000,0.0678655
197121581854000,0.0632144
197122157775000,0.0620154
197122763142000,0.0588517
197123354949000,0.0555761
197123946185000,0.0513691
197124523736000,0.0491793
197125124443000,0.0452921
197125725215000,0.0379469
197126296843000,0.0359513
197126903373000,0.0267493
197127459633000,0.0270015
197128062075000,0.0208335
197128612500000,0.0224102
197129203352000,0.02288
197129795172000,0.0219634
197130371305000,0.0207595
197130948885000,0.0189695
197131519623000,0.0183594
197132105497000,0.0158003
197132676850000,0.0145418
197133248236000,0.0128795
197133829468000,0.013496
197134421616000,0.0129493
197135012419000,0.0128804
197135597944000,0.0120433
197136179902000,0.0106293
197136746234000,0.00951461
197137318670000,0.0104955
197137899355000,0.0112192
197138480267000,0.011288
197139061792000,0.0104716
197139638122000,0.0113373
197140219478000,0.0104442
197140796914000,0.0106309
197141377610000,0.0102884
197141962986000,0.00909135
197142569928000,0.0057361
197143115890000,0.00647764
197143718318000,0.00332742
197144278724000,0.00194461
197144835386000,0.00384963
197145406399000,0.00757145
197145977919000,0.0102438
197146554112000,0.0139496
197147151514000,0.0128318
197147707024000,0.0153191
197148292773000,0.0143345
197148899856000,0.00346891
197149431051000,0.00426289
197150012337000,0.00260916
197150579303000,0.00507215
197151165147000,0.00662689
197151746497000,0.00745566
197152322858000,0.00942512
197152908999000,0.0100186
197153481595000,0.0136909
197154097352000,0.0125861
197154667711000,0.0122029
197155259724000,0.0102124
197155825956000,0.0105952
197156408080000,0.00941569
197156984602000,0.0103172
197157570061000,0.00969093
197158156233000,0.0097047
197158737891000,0.00910521
197159324186000,0.00855774
197159901101000,0.00796703
197160482298000,0.00889083
197161068063000,0.00929697
197161659500000,0.00972229
197162246037000,0.0102284
197162837344000,0.0118468
197163429539000,0.0130371
197164020176000,0.0133327
197164606441000,0.0117895
197165182977000,0.0119787
197165769412000,0.0133402
197166366677000,0.0147886
197166967389000,0.0135624
197167548146000,0.0135197
197168134593000,0.0129908
197168716133000,0.0140424
197169302570000,0.015621
197169904130000,0.0205946
197170555191000,0.0262053
197171171766000,0.056675
197171823546000,0.112921
197172414733000,0.180015
197172991419000,0.232584
197173567592000,0.269241
197174138766000,0.290059
197174719967000,0.298915
197175306915000,0.297486
197175894227000,0.288578
197176479785000,0.275799
197177065608000,0.26352
197177657087000,0.250004
197178248365000,0.23599
197178839783000,0.219827
197179421877000,0.205257
197180022770000,0.189539
197180608687000,0.176438
197181200411000,0.163921
197181796975000,0.152311
197182394292000,0.139472
197182969912000,0.12996
197183565672000,0.120178
197184162432000,0.111443
197184758860000,0.101328
197185334957000,0.0942508
197185932124000,0.0870962
197186522829000,0.0805938
197187114400000,0.0727527
197187690693000,0.0673752
197188276768000,0.0619099
197188858765000,0.057776
197189450299000,0.0535311
197190035879000,0.0511554
197190632282000,0.0476204
197191223916000,0.0456075
197191821339000,0.0415744
197192402005000,0.0384524
197192987964000,0.0346126
197193559387000,0.032047
197194165828000,0.0278388
197194732202000,0.0267312
197195369322000,0.0161694
197195900160000,0.015475
197196475857000,0.0158482
197197062664000,0.0140721
197197628987000,0.0140933
197198206258000,0.0154536
197198792231000,0.0163086
197199372941000,0.017458
197199964240000,0.0165508
197200530553000,0.0181805
197201122142000,0.0183057
197201699283000,0.0201407
197202299997000,0.0178938
197202885756000,0.0133676
197203447387000,0.0134656
197204053751000,0.006767
197204610813000,0.0078798
197205207277000,0.00457493
197205772898000,0.00685469
197206364308000,0.00702547
197206945650000,0.00713164
197207512073000,0.0097225
197208104129000,0.00963501
197208674849000,0.0105113
197209265824000,0.00982796
197209842576000,0.0101349
197210433879000,0.0090042
197211011434000,0.00935841
197211597297000,0.00757681
197212172902000,0.00764628
197212749391000,0.00659855
197213330491000,0.0069914
197213912227000,0.00736848
197214489659000,0.0078876
197215070204000,0.00838611
197215655857000,0.00942828
197216247427000,0.00919478
197216823966000,0.00886857
197217401335000,0.00796873
197217977343000,0.00784865
197218553121000,0.00768505
197219124370000,0.00786692
197219695390000,0.00798909
197220261798000,0.00935699
197220874682000,0.00601847
197221430063000,0.0061438
197222010766000,0.00712126
197222592516000,0.00629756
197223158733000,0.0074202
197223734721000,0.0104439
197224327128000,0.0102939
197224882908000,0.0145668
197225473996000,0.0153696
197226045616000,0.0158021
197226611960000,0.015631
197227214279000,0.00991919
197227780047000,0.00965352
197228380716000,0.00271597
197228937250000,0.00471687
197229543478000,0.00196005
197230115134000,0.00413568
197230697252000,0.00441165
197231272866000,0.00472929
197231849062000,0.00451845
197232425633000,0.00482656
197232996919000,0.00570932
197233589314000,0.00486713
197234159931000,0.00619292
197234745651000,0.00545957
197235327363000,0.00466208
197235898688000,0.00347041
197236470255000,0.00413808
197237047035000,0.00626388
197237642680000,0.0109564
197238253963000,0.0142979
197238845224000,0.0205203
197239542263000,0.0261585
197240214317000,0.0224005
197240820351000,0.0222724
197241436460000,0.015506
197241997815000,0.0175648
197242614518000,0.0119506
197243186900000,0.0124042
197243771751000,0.01531
197244378090000,0.0171818
197244969631000,0.0298828
197245656717000,0.0861703
197246289164000,0.150418
197246899873000,0.199583
197247490741000,0.237011
197248092350000,0.26958
197248678681000,0.307854
197249360530000,0.358562
197250878297000,0.498452
197253084805000,0.518865
197253605333000,0.496377
197254145763000,0.472514
197254707654000,0.456445
197255244015000,0.476332
197255871761000,0.521222
197256492288000,0.566342
197257103410000,0.596261
197262125168000,0.683462
197262897629000,0.747096
197263553483000,0.781388
197264270176000,0.793662
197264901422000,0.787081
197265629691000,0.769711
197266265305000,0.758328
197266911117000,0.736013
197267552980000,0.698631
197270188432000,0.827349
197271767842000,0.905318
197272425101000,0.911862
197284547777000,0.967054
197286066112000,0.96875
197286903433000,0.884219
197287499342000,0.810321
197288176857000,0.746653
197288823118000,0.685639
197292591228000,0.644949
197293298142000,0.603027
197293949694000,0.579048
